[{"name":"theme_info","theme_name":"Testament","theme_author":"Underground","theme_version":"6.1","theme_documentation_url":"https:\/\/\/\/www.weareunderground.com\/products\/testament","theme_support_url":"http:\/\/support.undergroundmedia.co.uk\/"},{"name":"Favicon","settings":[{"type":"image_picker","id":"favicon","label":"Favicon image","info":"Will be scaled down to 32 x 32px"}]},{"name":"Search","settings":[{"type":"checkbox","id":"search_products","label":"Search","info":"Show products only"}]},{"name":"Colors","settings":[{"type":"header","content":"Background"},{"type":"select","id":"bg","label":"Show background image","options":[{"value":"no_bg","label":"No"},{"value":"yes","label":"Yes"}]},{"type":"image","id":"background.jpg","label":"Background image"},{"type":"select","id":"background-position","label":"Background image position","options":[{"value":"left top","label":"left top"},{"value":"left center","label":"left center"},{"value":"left bottom","label":"left bottom"},{"value":"right top","label":"right top"},{"value":"right center","label":"right center"},{"value":"right bottom","label":"right bottom"},{"value":"center top","label":"center top"},{"value":"center center","label":"center center"},{"value":"center bottom","label":"center bottom"}]},{"type":"select","id":"background-repeat","label":"Background image repeat","options":[{"value":"no-repeat","label":"No repeat"},{"value":"repeat","label":"repeat"},{"value":"repeat-x","label":"horizontal repeat only"},{"value":"repeat-y","label":"vertical repeat only"}]},{"type":"header","content":"Header"},{"type":"color","id":"header-wrapper-background","label":"Header background","default":"#ffffff"},{"type":"color","id":"content-wrapper-background","label":"Content area background","default":"#ffffff"},{"type":"color","id":"logo-color","label":"Logo text","default":"#000000"},{"type":"color","id":"header","label":"Message bar background","default":"#000000"},{"type":"color","id":"hello-color","label":"Message bar text","default":"#f0f0f0"},{"type":"color","id":"header-icons","label":"Header icons","default":"#000000"},{"type":"color","id":"header-icons-hover","label":"Header icons hover","default":"#000000"},{"type":"header","content":"General"},{"type":"color","id":"header-color","label":"Headings","default":"#000000"},{"type":"color","id":"text_color","label":"Text","default":"#000000"},{"type":"color","id":"link_color","label":"Links and accents","default":"#000000"},{"type":"color","id":"button_color","label":"Buttons","default":"#000000"},{"type":"color","id":"button_hover","label":"Button hover","default":"#000000"},{"type":"color","id":"button_text","label":"Button text","default":"#000000"},{"type":"color","id":"sale-color","label":"Sale tags","default":"#d5d5d5"},{"type":"color","id":"dotted_color","label":"Borders and lines","default":"#d5d5d5"},{"type":"header","content":"Navigation"},{"type":"color","id":"navigation","label":"Navigation background","default":"#f0f0f0"},{"type":"color","id":"nav-border-color","label":"Navigation borders","default":"#000000"},{"type":"color","id":"nav_color","label":"Navigation links","default":"#ffffff"},{"type":"color","id":"nav_hover_color","label":"Navigation link hover background","default":"#f5f5f5"},{"type":"color","id":"nav_hover_link_color","label":"Navigation link hover text","default":"#000000"},{"type":"color","id":"dropdown-background","label":"Drop down Background","default":"#000000"},{"type":"color","id":"dropdown-hover-background","label":"Drop down hover background","default":"#000000"},{"type":"color","id":"dropdown-link-color","label":"Drop down links","default":"#000000"},{"type":"color","id":"dropdown-link-hover-color","label":"Drop down link hover","default":"#000000"},{"type":"header","content":"Social sharing icons"},{"type":"color","id":"icons","label":"Icons","default":"#000000"},{"type":"color","id":"icons-hover","label":"Icon hover","default":"#000000"},{"type":"header","content":"Footer"},{"type":"color","id":"footer_border","label":"Footer border","default":"#ffffff"},{"type":"color","id":"footer_background","label":"Footer background","default":"#ffffff"},{"type":"color","id":"footer_text","label":"Footer text","default":"#ffffff"},{"type":"color","id":"footer_icons_color","label":"Footer icon","default":"#ffffff"},{"type":"color","id":"footer_icons_hover_color","label":"Footer icon hover","default":"#ffffff"},{"type":"color","id":"footer_input","label":"Newsletter input background","default":"#ffffff"},{"type":"color","id":"footer_input_text","label":"Newsletter input text","default":"#ffffff"},{"type":"color","id":"footer_button","label":"Submit button background","default":"#ffffff"},{"type":"color","id":"footer_button_text","label":"Submit button text","default":"#ffffff"}]},{"name":"Typography","settings":[{"type":"header","content":"Font families"},{"type":"select","id":"font","label":"Main font","options":[{"value":"'Century Gothic', Helvetica, Arial, sans-serif","label":"Century Gothic","group":"Sans-serif"},{"value":"'Helvetica Neue', Helvetica, Arial, sans-serif","label":"Helvetica\/Arial","group":"Sans-serif"},{"value":"Impact, Charcoal, Helvetica, Arial, sans-serif","label":"Impact","group":"Sans-serif"},{"value":"'Lucida Grande', 'Lucida Sans Unicode', 'Lucida Sans', Lucida, Helvetica, Arial, sans-serif","label":"Lucida Grande","group":"Sans-serif"},{"value":"Trebuchet MS, sans-serif","label":"Trebuchet MS","group":"Sans-serif"},{"value":"Verdana, Helvetica, Arial, sans-serif","label":"Verdana","group":"Sans-serif"},{"value":"Garamond, Baskerville, Caslon, serif","label":"Garamond","group":"Serif"},{"value":"Georgia, Utopia, 'Times New Roman', Times, serif","label":"Georgia","group":"Serif"},{"value":"Palatino, 'Palatino Linotype', 'Book Antiqua', serif","label":"Palatino","group":"Serif"},{"value":"'Times New Roman', Times, serif","label":"Times New Roman","group":"Serif"},{"value":"'Courier New', Courier, monospace","label":"Courier New","group":"Monospace"},{"value":"Monaco, 'Lucida Console', 'DejaVu Sans Mono', monospace","label":"Monaco\/Lucida Console","group":"Monospace"},{"value":"'Arvo', serif","label":"Arvo","group":"Google Web Fonts"},{"value":"'Glegoo', serif","label":"Glegoo","group":"Google Web Fonts"},{"value":"'Graduate', cursive","label":"Graduate","group":"Google Web Fonts"},{"value":"'Hind', sans-serif","label":"Hind","group":"Google Web Fonts"},{"value":"'Josefin Sans', sans-serif","label":"Josefin Sans","group":"Google Web Fonts"},{"value":"'Karla', sans-serif","label":"Karla","group":"Google Web Fonts"},{"value":"'Lato', sans-serif","label":"Lato","group":"Google Web Fonts"},{"value":"'Lobster', cursive","label":"Lobster","group":"Google Web Fonts"},{"value":"'Lobster Two', cursive","label":"Lobster Two","group":"Google Web Fonts"},{"value":"'Martel Sans', sans-serif","label":"Martel Sans","group":"Google Web Fonts"},{"value":"'Montserrat', sans-serif","label":"Monserrat","group":"Google Web Fonts"},{"value":"'Noticia Text', serif","label":"Noticia Text","group":"Google Web Fonts"},{"value":"'Open Sans', sans-serif","label":"Open Sans","group":"Google Web Fonts"},{"value":"'Open Sans Condensed', sans-serif","label":"Open Sans Condensed","group":"Google Web Fonts"},{"value":"'Oswald', sans-serif","label":"Oswald","group":"Google Web Fonts"},{"value":"'PT Sans', sans-serif","label":"PT Sans","group":"Google Web Fonts"},{"value":"'PT Sans Narrow', sans-serif","label":"PT Sans Narrow","group":"Google Web Fonts"},{"value":"'Questrial', sans-serif","label":"Questrial","group":"Google Web Fonts"},{"value":"'Raleway', sans-serif","label":"Raleway","group":"Google Web Fonts"},{"value":"'Share', cursive","label":"Share","group":"Google Web Fonts"},{"value":"'Roboto', sans-serif;","label":"Roboto","group":"Google Web Fonts"},{"value":"'Source Sans Pro', sans-serif","label":"Source Sans","group":"Google Web Fonts"}],"default":"'Helvetica Neue', Helvetica, Arial, sans-serif"},{"type":"select","id":"navigation-font","label":"Navigation font","options":[{"value":"'Century Gothic', Helvetica, Arial, sans-serif","label":"Century Gothic","group":"Sans-serif"},{"value":"'Helvetica Neue', Helvetica, Arial, sans-serif","label":"Helvetica\/Arial","group":"Sans-serif"},{"value":"Impact, Charcoal, Helvetica, Arial, sans-serif","label":"Impact","group":"Sans-serif"},{"value":"'Lucida Grande', 'Lucida Sans Unicode', 'Lucida Sans', Lucida, Helvetica, Arial, sans-serif","label":"Lucida Grande","group":"Sans-serif"},{"value":"Trebuchet MS, sans-serif","label":"Trebuchet MS","group":"Sans-serif"},{"value":"Verdana, Helvetica, Arial, sans-serif","label":"Verdana","group":"Sans-serif"},{"value":"Garamond, Baskerville, Caslon, serif","label":"Garamond","group":"Serif"},{"value":"Georgia, Utopia, 'Times New Roman', Times, serif","label":"Georgia","group":"Serif"},{"value":"Palatino, 'Palatino Linotype', 'Book Antiqua', serif","label":"Palatino","group":"Serif"},{"value":"'Times New Roman', Times, serif","label":"Times New Roman","group":"Serif"},{"value":"'Courier New', Courier, monospace","label":"Courier New","group":"Monospace"},{"value":"Monaco, 'Lucida Console', 'DejaVu Sans Mono', monospace","label":"Monaco\/Lucida Console","group":"Monospace"},{"value":"'Arvo', serif","label":"Arvo","group":"Google Web Fonts"},{"value":"'Glegoo', serif","label":"Glegoo","group":"Google Web Fonts"},{"value":"'Graduate', cursive","label":"Graduate","group":"Google Web Fonts"},{"value":"'Hind', sans-serif","label":"Hind","group":"Google Web Fonts"},{"value":"'Josefin Sans', sans-serif","label":"Josefin Sans","group":"Google Web Fonts"},{"value":"'Karla', sans-serif","label":"Karla","group":"Google Web Fonts"},{"value":"'Lato', sans-serif","label":"Lato","group":"Google Web Fonts"},{"value":"'Lobster', cursive","label":"Lobster","group":"Google Web Fonts"},{"value":"'Lobster Two', cursive","label":"Lobster Two","group":"Google Web Fonts"},{"value":"'Martel Sans', sans-serif","label":"Martel Sans","group":"Google Web Fonts"},{"value":"'Montserrat', sans-serif","label":"Monserrat","group":"Google Web Fonts"},{"value":"'Noticia Text', serif","label":"Noticia Text","group":"Google Web Fonts"},{"value":"'Open Sans', sans-serif","label":"Open Sans","group":"Google Web Fonts"},{"value":"'Open Sans Condensed', sans-serif","label":"Open Sans Condensed","group":"Google Web Fonts"},{"value":"'Oswald', sans-serif","label":"Oswald","group":"Google Web Fonts"},{"value":"'PT Sans', sans-serif","label":"PT Sans","group":"Google Web Fonts"},{"value":"'PT Sans Narrow', sans-serif","label":"PT Sans Narrow","group":"Google Web Fonts"},{"value":"'Questrial', sans-serif","label":"Questrial","group":"Google Web Fonts"},{"value":"'Raleway', sans-serif","label":"Raleway","group":"Google Web Fonts"},{"value":"'Share', cursive","label":"Share","group":"Google Web Fonts"},{"value":"'Roboto', sans-serif;","label":"Roboto","group":"Google Web Fonts"},{"value":"'Source Sans Pro', sans-serif","label":"Source Sans","group":"Google Web Fonts"}],"default":"'Helvetica Neue', Helvetica, Arial, sans-serif"},{"type":"select","id":"headings_font","label":"Headings","options":[{"value":"'Century Gothic', Helvetica, Arial, sans-serif","label":"Century Gothic","group":"Sans-serif"},{"value":"'Helvetica Neue', Helvetica, Arial, sans-serif","label":"Helvetica\/Arial","group":"Sans-serif"},{"value":"Impact, Charcoal, Helvetica, Arial, sans-serif","label":"Impact","group":"Sans-serif"},{"value":"'Lucida Grande', 'Lucida Sans Unicode', 'Lucida Sans', Lucida, Helvetica, Arial, sans-serif","label":"Lucida Grande","group":"Sans-serif"},{"value":"Trebuchet MS, sans-serif","label":"Trebuchet MS","group":"Sans-serif"},{"value":"Verdana, Helvetica, Arial, sans-serif","label":"Verdana","group":"Sans-serif"},{"value":"Garamond, Baskerville, Caslon, serif","label":"Garamond","group":"Serif"},{"value":"Georgia, Utopia, 'Times New Roman', Times, serif","label":"Georgia","group":"Serif"},{"value":"Palatino, 'Palatino Linotype', 'Book Antiqua', serif","label":"Palatino","group":"Serif"},{"value":"'Times New Roman', Times, serif","label":"Times New Roman","group":"Serif"},{"value":"'Courier New', Courier, monospace","label":"Courier New","group":"Monospace"},{"value":"Monaco, 'Lucida Console', 'DejaVu Sans Mono', monospace","label":"Monaco\/Lucida Console","group":"Monospace"},{"value":"'Arvo', serif","label":"Arvo","group":"Google Web Fonts"},{"value":"'Glegoo', serif","label":"Glegoo","group":"Google Web Fonts"},{"value":"'Graduate', cursive","label":"Graduate","group":"Google Web Fonts"},{"value":"'Hind', sans-serif","label":"Hind","group":"Google Web Fonts"},{"value":"'Josefin Sans', sans-serif","label":"Josefin Sans","group":"Google Web Fonts"},{"value":"'Karla', sans-serif","label":"Karla","group":"Google Web Fonts"},{"value":"'Lato', sans-serif","label":"Lato","group":"Google Web Fonts"},{"value":"'Lobster', cursive","label":"Lobster","group":"Google Web Fonts"},{"value":"'Lobster Two', cursive","label":"Lobster Two","group":"Google Web Fonts"},{"value":"'Martel Sans', sans-serif","label":"Martel Sans","group":"Google Web Fonts"},{"value":"'Montserrat', sans-serif","label":"Monserrat","group":"Google Web Fonts"},{"value":"'Noticia Text', serif","label":"Noticia Text","group":"Google Web Fonts"},{"value":"'Open Sans', sans-serif","label":"Open Sans","group":"Google Web Fonts"},{"value":"'Open Sans Condensed', sans-serif","label":"Open Sans Condensed","group":"Google Web Fonts"},{"value":"'Oswald', sans-serif","label":"Oswald","group":"Google Web Fonts"},{"value":"'PT Sans', sans-serif","label":"PT Sans","group":"Google Web Fonts"},{"value":"'PT Sans Narrow', sans-serif","label":"PT Sans Narrow","group":"Google Web Fonts"},{"value":"'Questrial', sans-serif","label":"Questrial","group":"Google Web Fonts"},{"value":"'Raleway', sans-serif","label":"Raleway","group":"Google Web Fonts"},{"value":"'Share', cursive","label":"Share","group":"Google Web Fonts"},{"value":"'Roboto', sans-serif;","label":"Roboto","group":"Google Web Fonts"},{"value":"'Source Sans Pro', sans-serif","label":"Source Sans","group":"Google Web Fonts"}],"default":"'Helvetica Neue', Helvetica, Arial, sans-serif"},{"type":"header","content":"Text size"},{"type":"range","id":"font-size","min":12,"max":36,"step":1,"unit":"px","label":"Body text","default":13},{"type":"range","id":"nav_size","min":12,"max":36,"step":1,"unit":"px","label":"Navigation","default":15},{"type":"range","id":"h1-size","min":12,"max":36,"step":1,"unit":"px","label":"H1","default":22},{"type":"range","id":"h2-size","min":12,"max":36,"step":1,"unit":"px","label":"H2","default":19},{"type":"range","id":"h3-size","min":12,"max":36,"step":1,"unit":"px","label":"H3","default":17},{"type":"range","id":"h4-size","min":12,"max":36,"step":1,"unit":"px","label":"H4","default":16},{"type":"range","id":"h5-size","min":12,"max":36,"step":1,"unit":"px","label":"H5","default":15},{"type":"header","content":"Decoration"},{"type":"select","id":"nav-weight","label":"Navigation weight","options":[{"value":"400","label":"Normal"},{"value":"300","label":"Light"},{"value":"700","label":"Bold"}]},{"type":"select","id":"navigation-transform","label":"Navigation case","options":[{"value":"uppercase","label":"All capitals"},{"value":"none","label":"As typed"}]},{"type":"select","id":"heading-weight","label":"Heading Weight","options":[{"value":"bold","label":"Bold"},{"value":"normal","label":"Normal"}]},{"type":"select","id":"link-decoration","label":"Link hover","options":[{"value":"underline","label":"Yes"},{"value":"none","label":"No"}]},{"type":"checkbox","id":"breadcrumb","label":"Show breadcrumb trail"}]},{"name":"Product grid","settings":[{"type":"paragraph","content":"Shared content for global controls where lists of products are visible like home page featured products and collection pages"},{"type":"checkbox","id":"quickview","label":"Enable quick view"},{"type":"checkbox","id":"image-flip","label":"Switch product images on hover"},{"type":"checkbox","id":"alternate_colors","label":"Show color swatches","info":"Show alternate colors with image switch on hover"},{"type":"checkbox","id":"vendor","label":"Show product vendor"},{"type":"checkbox","id":"product-border","label":"Border each item"}]},{"name":"Cart page","settings":[{"type":"checkbox","id":"cart_notes_enable","label":"Enable order notes"},{"type":"select","id":"ajax_cart_method","label":"Cart type","options":[{"value":"page","label":"Page"},{"value":"modal","label":"Modal"}]}]},{"name":"Social media","settings":[{"type":"text","id":"twittername","label":"Twitter","info":"https:\/\/twitter.com\/shopify"},{"type":"text","id":"facebook_url","label":"Facebook","info":"https:\/\/www.facebook.com\/shopify"},{"type":"text","id":"pinterest_url","label":"Pinterest","info":"https:\/\/www.pinterest.com\/shopify"},{"type":"text","id":"tumblr_url","label":"Tumblr","info":"http:\/\/shopify.tumblr.com"},{"type":"text","id":"youtube_url","label":"YouTube","info":"https:\/\/www.youtube.com\/user\/shopify"},{"type":"text","id":"googleplus_url","label":"Google plus","info":"https:\/\/plus.google.com\/+shopify"},{"type":"text","id":"instagram-id","label":"Instagram","info":"shopify"},{"type":"text","id":"snapchat-id","label":"Snapchat","info":"shopify"},{"type":"text","id":"weibo-id","label":"Weibo","info":"shopify"}]},{"name":"Newsletter","settings":[{"type":"checkbox","id":"popup","label":"Show Join Mailing List Popup","info":"Show mailing list subscribe popup box once every 7 days per customer"},{"type":"checkbox","id":"test-mode","label":"Enable test mode","info":"Popup will show after 5 seconds on each page load until unchecked"},{"type":"image_picker","id":"email-image","label":"Email popup image","info":"Max width 480px. For best results, use landscape orientation."},{"type":"text","id":"email-popup-title","label":"Email popup title"},{"type":"text","id":"footer_signup_text","label":"Email popup text"}]},{"name":"Currency","settings":[{"type":"checkbox","id":"show_multiple_currencies","label":"Use currency selector","default":false},{"type":"paragraph","content":"Although you will be able to display prices on your store front in different currencies, Shopify will still process orders in your shop's currency."},{"type":"select","id":"currency_format","label":"Money format","options":[{"value":"money_format","label":"Without Currency, ex: $10.00"},{"value":"money_with_currency_format","label":"With Currency, ex: $10 CAD"}],"default":"money_with_currency_format"},{"type":"text","id":"supported_currencies","label":"Currencies you wish to support","default":"CAD USD"},{"type":"text","id":"default_currency","label":"Default currency","default":"CAD"},{"type":"paragraph","content":"Separate your currency codes with a space. Use the ISO 4217 3-letter currency code. Click [here](http:\/\/www.xe.com\/iso4217.php) for a complete list of currency codes. Example: CAD USD."},{"type":"paragraph","content":"* For this functionality to work in your shop, you are required to edit your money formats as per [these instructions](http:\/\/wiki.shopify.com\/Do_Tell_Where_The_Money_Is) (â€œDo tell where the money isâ€)."}]}]