{"presets":{"Genesis":{"password_bg":"no_password_bg","password-background":"#fff","bg":"no_bg","background-position":"left top","background-repeat":"no-repeat","header-wrapper-background":"#ffffff","content-wrapper-background":"#ffffff","logo-color":"#000000","header":"#fafafa","hello-color":"#000000","header-icons":"#444444","header-icons-hover":"#999999","header-color":"#444444","text_color":"#949494","button_color":"#444444","button_hover":"#222222","button_text":"#ffffff","sale-color":"#cc0000","dotted_color":"#f0f0f0","navigation":"#fafafa","nav-border-color":"#dddddd","nav_color":"#444444","nav_hover_color":"#f5f5f5","nav_hover_link_color":"#000000","dropdown-background":"#f0f0f0","dropdown-hover-background":"#f5f5f5","dropdown-link-color":"#444444","dropdown-link-hover-color":"#000000","icons":"#000000","icons-hover":"#000000","footer_border":"#ffffff","footer_background":"#444444","footer_text":"#ffffff","footer_icons_color":"#444444","footer_icons_hover_color":"#000000","footer_input":"#ffffff","footer_input_text":"#000000","footer_button":"#000000","footer_button_text":"#ffffff","font":"'Lucida Grande', 'Lucida Sans Unicode', 'Lucida Sans', Lucida, Helvetica, Arial, sans-serif","font-size":"13","headings_font":"'Montserrat', sans-serif","h1-size":"18","h2-size":"16","h3-size":"14","h4-size":"13","h5-size":"13","heading-weight":"bold","link-decoration":"none","navigation-font":"'Montserrat', sans-serif","nav_size":"13","nav-weight":"400","navigation-transform":"uppercase","product-title-size":"13px","price-size":"13px","main_nav":"main-menu","nav-style":"full","nav-height":"50px","megadropdown_link":"","nav_promo_image":false,"nav_promo_link":"\/collections\/all","mega_1_show":false,"mega_1_links":"","mega_2_show":false,"mega_2_links":"","mega_3_show":false,"mega_3_links":"","mega_4_show":false,"mega_4_links":"","nav-top-border-height":"1px","nav-bottom-border-height":"1px","breadcrumb":true,"quickview":true,"image-flip":true,"alternate_colors":false,"vendor":true,"product-border-size":"0","product-border":false,"show_twitter":true,"twittername":"","show_facebook":true,"facebook_url":"","show_pinterest":true,"pinterest_url":"","show_tumblr":false,"tumblr_url":"","show_youtube":false,"youtube_url":"","show_googleplus":false,"googleplus_url":"","show_instagram":false,"instagram-id":"","show_snapchat":false,"snapchat-id":"Enter ID only","show_weibo":false,"weibo-id":"Enter ID only","show_rss":false,"popup":false,"email_popup_image":false,"mailchimp":"","footer_signup_text":"","show_multiple_currencies":true,"currency_format":"money_with_currency_format","supported_currencies":"CAD USD","default_currency":"CAD","checkout_header_image":"","checkout_logo_image":"","checkout_logo_position":"left","checkout_logo_size":"medium","checkout_body_background_image":"","checkout_body_background_color":"#fff","checkout_input_background_color_mode":"white","checkout_sidebar_background_image":"","checkout_sidebar_background_color":"#fafafa","checkout_heading_font":"Helvetica Neue","checkout_body_font":"Helvetica Neue","checkout_accent_color":"#1990C6","checkout_button_color":"#1990C6","checkout_error_color":"#ff6d6d","Links and accents":"#444444","sections":{"header":{"type":"header","settings":{"logo":"","logo_max_width":600,"logo-size":22,"logo-transform":"uppercase","logo-weight":"400","hello":"","hello-size":13,"cart_icon":"cart"}},"footer":{"type":"footer","blocks":{"1480352627697":{"type":"menu","settings":{"footer_nav":"footer","title":"Explore"}},"1480352634086":{"type":"newsletter","settings":{"title":"connect"}}},"block_order":["1480352627697","1480352634086"],"settings":{"bottom_logo":"","bottom_logo_max_width":600,"footer_text_align":"left","footer_title_weight":"300","footer_title_transform":"uppercase","footer_title_size":15}},"1480352639511":{"type":"slideshow","blocks":{"1480352639511-0":{"type":"image","settings":{"image":"","title":"Add a title to your image","subheading":"Tell your brand's story through images","button_text":"Add a call to action","link":"","caption_horizontal":"left","caption_vertical":45,"slide_text_color":"#000000","cta_color":"#ffffff","cta_background":"#000000"}},"1480352639511-1":{"type":"image","settings":{"image":"","title":"Add a title to your image","subheading":"Tell your brand's story through images","button_text":"Add a call to action","link":"","caption_horizontal":"left","caption_vertical":45,"slide_text_color":"#000000","cta_color":"#ffffff","cta_background":"#000000"}}},"block_order":["1480352639511-0","1480352639511-1"],"settings":{"display-wide":true,"slide-title-size":22,"slide-title-weight":"700","caption-size":14,"cta_size":14,"cta_weight":"400"}},"1480352660966":{"type":"featured-images","blocks":{"1480352660966-0":{"type":"image","settings":{"image_width":"33%","image":"","link":"","title_text":"Our collections","hidden_text":"Shop now","promo_color":"#ffffff","hidden_color":"#ffffff"}},"1480352660966-1":{"type":"image","settings":{"image_width":"33%","image":"","link":"","title_text":"Our collections","hidden_text":"Shop now","promo_color":"#ffffff","hidden_color":"#ffffff"}},"1480352660966-2":{"type":"image","settings":{"image_width":"33%","image":"","link":"","title_text":"Our collections","hidden_text":"Shop now","promo_color":"#ffffff","hidden_color":"#ffffff"}}},"block_order":["1480352660966-0","1480352660966-1","1480352660966-2"],"settings":{"promo_size":12,"hidden_size":12}},"1480352675242":{"type":"featured-products","settings":{"title":"Featured Products","collection":"","limit":6}},"1480352686120":{"type":"featured-images","blocks":{"1480352686120-0":{"type":"image","settings":{"image_width":"50%","image":"","link":"","title_text":"Our collections","hidden_text":"Shop now","promo_color":"#ffffff","hidden_color":"#ffffff"}},"1480352686120-1":{"type":"image","settings":{"image_width":"50%","image":"","link":"","title_text":"Our collections","hidden_text":"Shop now","promo_color":"#ffffff","hidden_color":"#ffffff"}}},"block_order":["1480352686120-0","1480352686120-1"],"settings":{"promo_size":12,"hidden_size":12}},"1480352707530":{"type":"featured-collections","blocks":{"1480352707530-0":{"type":"featured_collection","settings":{"collection":""}},"1480352707530-1":{"type":"featured_collection","settings":{"collection":""}},"1480352718147":{"type":"featured_collection","settings":{"collection":""}},"1480352719980":{"type":"featured_collection","settings":{"collection":""}}},"block_order":["1480352707530-0","1480352707530-1","1480352718147","1480352719980"],"settings":{"title":"Featured Collections","grid":4,"collection_count":false}},"list-collection-template":{"type":"list-collection-template","settings":{"grid":3,"collection_count":false}},"collection-template":{"type":"collection-template","settings":{"products-per-row":4,"sort-dropdown-a-check":false,"sort_a":"","sort-dropdown-b-check":false,"sort_b":"","sort-dropdown-c-check":false,"sort_c":""}},"product-template":{"type":"product-template","settings":{"product-form-background":"#fff","product-page-border":"#f0f0f0","subtitle":true,"product_quantity":true,"show-sku":false,"product-description":"right","use-swatch-images":false,"popup-one":"","popup-two":"","popup-three":"","popup-4":true}},"blog-template":{"type":"blog-template","settings":{"tiled-blog-layout":true,"show-date":true,"show-author":true}},"article-template":{"type":"article-template","settings":{"show-date":true,"show-author":true}}},"content_for_index":["1480352639511","1480352660966","1480352675242","1480352686120","1480352707530"]},"Exodus":{"password_bg":"no_password_bg","password-background":"#fff","bg":"no_bg","background-position":"left top","background-repeat":"no-repeat","header-wrapper-background":"#ffffff","content-wrapper-background":"#ffffff","logo-color":"#000000","header":"#fafafa","hello-color":"#000000","header-icons":"#000000","header-icons-hover":"#999999","header-color":"#000000","text_color":"#000000","link_color":"#000000","button_color":"#000000","button_hover":"#222222","button_text":"#ffffff","sale-color":"#cc0000","dotted_color":"#f0f0f0","navigation":"#ffffff","nav-border-color":"#ffffff","nav_color":"#000000","nav_hover_color":"#ffffff","nav_hover_link_color":"#850000","dropdown-background":"#ffffff","dropdown-hover-background":"#ffffff","dropdown-link-color":"#000000","dropdown-link-hover-color":"#850000","icons":"#000000","icons-hover":"#000000","footer_border":"#ffffff","footer_background":"#292929","footer_text":"#ffffff","footer_icons_color":"#ffffff","footer_icons_hover_color":"#fcfcfc","footer_input":"#ffffff","footer_input_text":"#000000","footer_button":"#000000","footer_button_text":"#ffffff","font":"'Roboto', sans-serif;","font-size":"12","headings_font":"'Roboto', sans-serif;","h1-size":"22","h2-size":"20","h3-size":"18","h4-size":"16","h5-size":"14","heading-weight":"bold","link-decoration":"none","navigation-font":"'Roboto', sans-serif;","nav_size":"13","nav-weight":"700","navigation-transform":"uppercase","product-title-size":"13px","price-size":"13px","main_nav":"main-menu","nav-style":"full","nav-height":"50px","megadropdown_link":"","nav_promo_image":false,"nav_promo_link":"\/collections\/all","mega_1_show":false,"mega_1_links":"","mega_2_show":false,"mega_2_links":"","mega_3_show":false,"mega_3_links":"","mega_4_show":false,"mega_4_links":"","nav-top-border-height":"1px","nav-bottom-border-height":"1px","breadcrumb":true,"quickview":true,"image-flip":true,"alternate_colors":false,"vendor":true,"product-border-size":"0","product-border":false,"show_twitter":true,"twittername":"","show_facebook":true,"facebook_url":"","show_pinterest":true,"pinterest_url":"","show_tumblr":false,"tumblr_url":"","show_youtube":false,"youtube_url":"","show_googleplus":false,"googleplus_url":"","show_instagram":false,"instagram-id":"","show_snapchat":false,"snapchat-id":"Enter ID only","show_weibo":false,"weibo-id":"Enter ID only","show_rss":false,"popup":false,"email_popup_image":false,"mailchimp":"","footer_signup_text":"","show_multiple_currencies":false,"currency_format":"money_with_currency_format","supported_currencies":"CAD USD","default_currency":"CAD","checkout_header_image":"","checkout_logo_image":"","checkout_logo_position":"left","checkout_logo_size":"medium","checkout_body_background_image":"","checkout_body_background_color":"#fff","checkout_input_background_color_mode":"white","checkout_sidebar_background_image":"","checkout_sidebar_background_color":"#fafafa","checkout_heading_font":"Helvetica Neue","checkout_body_font":"Helvetica Neue","checkout_accent_color":"#1990C6","checkout_button_color":"#1990C6","checkout_error_color":"#ff6d6d","Links and accents":"#444444","sections":{"header":{"type":"header","settings":{"logo":"","logo_max_width":600,"logo-size":22,"logo-transform":"uppercase","logo-weight":"400","hello":"","hello-size":13,"cart_icon":"cart"}},"footer":{"type":"footer","blocks":{"1480352627697":{"type":"menu","settings":{"footer_nav":"footer","title":"Explore"}},"1480352634086":{"type":"newsletter","settings":{"title":"connect"}}},"block_order":["1480352627697","1480352634086"],"settings":{"bottom_logo":"","bottom_logo_max_width":600,"footer_text_align":"left","footer_title_weight":"300","footer_title_transform":"uppercase","footer_title_size":15}},"1480352639511":{"type":"slideshow","blocks":{"1480352639511-0":{"type":"image","settings":{"image":"","title":"Add a title to your image","subheading":"Tell your brand's story through images","button_text":"Add a call to action","link":"","caption_horizontal":"left","caption_vertical":45,"slide_text_color":"#000000","cta_color":"#ffffff","cta_background":"#000000"}},"1480352639511-1":{"type":"image","settings":{"image":"","title":"Add a title to your image","subheading":"Tell your brand's story through images","button_text":"Add a call to action","link":"","caption_horizontal":"left","caption_vertical":45,"slide_text_color":"#000000","cta_color":"#ffffff","cta_background":"#000000"}}},"block_order":["1480352639511-0","1480352639511-1"],"settings":{"display-wide":true,"slide-title-size":22,"slide-title-weight":"700","caption-size":14,"cta_size":14,"cta_weight":"400"}},"1480352660966":{"type":"featured-images","blocks":{"1480352660966-0":{"type":"image","settings":{"image_width":"33%","image":"","link":"","title_text":"Our collections","hidden_text":"Shop now","promo_color":"#ffffff","hidden_color":"#ffffff"}},"1480352660966-1":{"type":"image","settings":{"image_width":"33%","image":"","link":"","title_text":"Our collections","hidden_text":"Shop now","promo_color":"#ffffff","hidden_color":"#ffffff"}},"1480352660966-2":{"type":"image","settings":{"image_width":"33%","image":"","link":"","title_text":"Our collections","hidden_text":"Shop now","promo_color":"#ffffff","hidden_color":"#ffffff"}}},"block_order":["1480352660966-0","1480352660966-1","1480352660966-2"],"settings":{"promo_size":12,"hidden_size":12}},"1480352675242":{"type":"featured-products","settings":{"title":"Featured Products","collection":"","limit":6}},"1480352686120":{"type":"featured-images","blocks":{"1480352686120-0":{"type":"image","settings":{"image_width":"50%","image":"","link":"","title_text":"Our collections","hidden_text":"Shop now","promo_color":"#ffffff","hidden_color":"#ffffff"}},"1480352686120-1":{"type":"image","settings":{"image_width":"50%","image":"","link":"","title_text":"Our collections","hidden_text":"Shop now","promo_color":"#ffffff","hidden_color":"#ffffff"}}},"block_order":["1480352686120-0","1480352686120-1"],"settings":{"promo_size":12,"hidden_size":12}},"1480352707530":{"type":"featured-collections","blocks":{"1480352707530-0":{"type":"featured_collection","settings":{"collection":""}},"1480352707530-1":{"type":"featured_collection","settings":{"collection":""}},"1480352718147":{"type":"featured_collection","settings":{"collection":""}},"1480352719980":{"type":"featured_collection","settings":{"collection":""}}},"block_order":["1480352707530-0","1480352707530-1","1480352718147","1480352719980"],"settings":{"title":"Featured Collections","grid":4,"collection_count":false}},"list-collection-template":{"type":"list-collection-template","settings":{"grid":3,"collection_count":false}},"collection-template":{"type":"collection-template","settings":{"products-per-row":4,"sort-dropdown-a-check":false,"sort_a":"","sort-dropdown-b-check":false,"sort_b":"","sort-dropdown-c-check":false,"sort_c":""}},"product-template":{"type":"product-template","settings":{"product-form-background":"#fff","product-page-border":"#f0f0f0","subtitle":true,"product_quantity":true,"show-sku":false,"product-description":"right","use-swatch-images":false,"popup-one":"","popup-two":"","popup-three":"","popup-4":true}},"blog-template":{"type":"blog-template","settings":{"tiled-blog-layout":true,"show-date":true,"show-author":true}},"article-template":{"type":"article-template","settings":{"show-date":true,"show-author":true}}},"content_for_index":["1480352639511","1480352660966","1480352675242","1480352686120","1480352707530"]},"Revelation":{"password_bg":"no_password_bg","password-background":"#fff","bg":"no_bg","background-position":"left top","background-repeat":"no-repeat","header-wrapper-background":"#ffffff","content-wrapper-background":"#ffffff","logo-color":"#000000","header":"#ffeded","hello-color":"#a86161","header-icons":"#a86161","header-icons-hover":"#a86161","header-color":"#000000","text_color":"#000000","link_color":"#000000","button_color":"#2c2929","button_hover":"#222222","button_text":"#ffffff","sale-color":"#a86161","dotted_color":"#f0f0f0","navigation":"#222222","nav-border-color":"#ffffff","nav_color":"#ffffff","nav_hover_color":"#222222","nav_hover_link_color":"#d4b2b2","dropdown-background":"#ffffff","dropdown-hover-background":"#ffffff","dropdown-link-color":"#000000","dropdown-link-hover-color":"#d4b2b2","icons":"#222222","icons-hover":"#222222","footer_border":"#444444","footer_background":"#292929","footer_text":"#ffffff","footer_icons_color":"#ffffff","footer_icons_hover_color":"#d4b2b2","footer_input":"#ffffff","footer_input_text":"#2c2929","footer_button":"#2c2929","footer_button_text":"#ffffff","font":"'Roboto', sans-serif;","font-size":"12","headings_font":"'Roboto', sans-serif;","h1-size":"22","h2-size":"20","h3-size":"18","h4-size":"16","h5-size":"14","heading-weight":"bold","link-decoration":"none","navigation-font":"'Roboto', sans-serif;","nav_size":"13","nav-weight":"700","navigation-transform":"uppercase","product-title-size":"13px","price-size":"13px","main_nav":"main-menu","nav-style":"full","nav-height":"50px","megadropdown_link":"","nav_promo_image":false,"nav_promo_link":"\/collections\/all","mega_1_show":false,"mega_1_links":"","mega_2_show":false,"mega_2_links":"","mega_3_show":false,"mega_3_links":"","mega_4_show":false,"mega_4_links":"","nav-top-border-height":"1px","nav-bottom-border-height":"1px","breadcrumb":true,"quickview":true,"image-flip":true,"alternate_colors":false,"vendor":true,"product-border-size":"0","product-border":false,"show_twitter":true,"twittername":"","show_facebook":true,"facebook_url":"","show_pinterest":true,"pinterest_url":"","show_tumblr":false,"tumblr_url":"","show_youtube":false,"youtube_url":"","show_googleplus":false,"googleplus_url":"","show_instagram":false,"instagram-id":"","show_snapchat":false,"snapchat-id":"Enter ID only","show_weibo":false,"weibo-id":"Enter ID only","show_rss":false,"popup":false,"email_popup_image":false,"mailchimp":"","footer_signup_text":"","show_multiple_currencies":false,"currency_format":"money_with_currency_format","supported_currencies":"CAD USD","default_currency":"CAD","checkout_header_image":"","checkout_logo_image":"","checkout_logo_position":"left","checkout_logo_size":"medium","checkout_body_background_image":"","checkout_body_background_color":"#fff","checkout_input_background_color_mode":"white","checkout_sidebar_background_image":"","checkout_sidebar_background_color":"#fafafa","checkout_heading_font":"Helvetica Neue","checkout_body_font":"Helvetica Neue","checkout_accent_color":"#1990C6","checkout_button_color":"#1990C6","checkout_error_color":"#ff6d6d","Links and accents":"#444444","sections":{"header":{"type":"header","settings":{"logo":"","logo_max_width":600,"logo-size":22,"logo-transform":"uppercase","logo-weight":"400","hello":"","hello-size":13,"cart_icon":"cart"}},"footer":{"type":"footer","blocks":{"1480352627697":{"type":"menu","settings":{"footer_nav":"footer","title":"Explore"}},"1480352634086":{"type":"newsletter","settings":{"title":"connect"}}},"block_order":["1480352627697","1480352634086"],"settings":{"bottom_logo":"","bottom_logo_max_width":600,"footer_text_align":"left","footer_title_weight":"500","footer_title_transform":"uppercase","footer_title_size":15}},"1480352639511":{"type":"slideshow","blocks":{"1480352639511-0":{"type":"image","settings":{"image":"","title":"Add a title to your image","subheading":"Tell your brand's story through images","button_text":"Add a call to action","link":"","caption_horizontal":"left","caption_vertical":45,"slide_text_color":"#000000","cta_color":"#ffffff","cta_background":"#000000"}},"1480352639511-1":{"type":"image","settings":{"image":"","title":"Add a title to your image","subheading":"Tell your brand's story through images","button_text":"Add a call to action","link":"","caption_horizontal":"left","caption_vertical":45,"slide_text_color":"#000000","cta_color":"#ffffff","cta_background":"#000000"}}},"block_order":["1480352639511-0","1480352639511-1"],"settings":{"display-wide":true,"slide-title-size":22,"slide-title-weight":"700","caption-size":14,"cta_size":14,"cta_weight":"400"}},"1480352660966":{"type":"featured-images","blocks":{"1480352660966-0":{"type":"image","settings":{"image_width":"33%","image":"","link":"","title_text":"Our collections","hidden_text":"Shop now","promo_color":"#ffffff","hidden_color":"#ffffff"}},"1480352660966-1":{"type":"image","settings":{"image_width":"33%","image":"","link":"","title_text":"Our collections","hidden_text":"Shop now","promo_color":"#ffffff","hidden_color":"#ffffff"}},"1480352660966-2":{"type":"image","settings":{"image_width":"33%","image":"","link":"","title_text":"Our collections","hidden_text":"Shop now","promo_color":"#ffffff","hidden_color":"#ffffff"}}},"block_order":["1480352660966-0","1480352660966-1","1480352660966-2"],"settings":{"promo_size":12,"hidden_size":12}},"1480352675242":{"type":"featured-products","settings":{"title":"Featured Products","collection":"","limit":6}},"1480352686120":{"type":"featured-images","blocks":{"1480352686120-0":{"type":"image","settings":{"image_width":"50%","image":"","link":"","title_text":"Our collections","hidden_text":"Shop now","promo_color":"#ffffff","hidden_color":"#ffffff"}},"1480352686120-1":{"type":"image","settings":{"image_width":"50%","image":"","link":"","title_text":"Our collections","hidden_text":"Shop now","promo_color":"#ffffff","hidden_color":"#ffffff"}}},"block_order":["1480352686120-0","1480352686120-1"],"settings":{"promo_size":12,"hidden_size":12}},"1480352707530":{"type":"featured-collections","blocks":{"1480352707530-0":{"type":"featured_collection","settings":{"collection":""}},"1480352707530-1":{"type":"featured_collection","settings":{"collection":""}},"1480352718147":{"type":"featured_collection","settings":{"collection":""}},"1480352719980":{"type":"featured_collection","settings":{"collection":""}}},"block_order":["1480352707530-0","1480352707530-1","1480352718147","1480352719980"],"settings":{"title":"Featured Collections","grid":4,"collection_count":false}},"list-collection-template":{"type":"list-collection-template","settings":{"grid":3,"collection_count":false}},"collection-template":{"type":"collection-template","settings":{"products-per-row":3,"sort-dropdown-a-check":false,"sort_a":"","sort-dropdown-b-check":false,"sort_b":"","sort-dropdown-c-check":false,"sort_c":""}},"product-template":{"type":"product-template","settings":{"product-form-background":"#fff","product-page-border":"#f0f0f0","subtitle":true,"product_quantity":true,"show-sku":false,"product-description":"right","use-swatch-images":false,"popup-one":"","popup-two":"","popup-three":"","popup-4":true}},"blog-template":{"type":"blog-template","settings":{"tiled-blog-layout":true,"show-date":true,"show-author":true}},"article-template":{"type":"article-template","settings":{"show-date":true,"show-author":true}},"1480355931824":{"type":"instagram-feed","settings":{"title":"Follow us on Instagram","instagram-access-token":""}}},"content_for_index":["1480352639511","1480352660966","1480352675242","1480352686120","1480352707530","1480355931824"]},"Deliverance":{"password_bg":"no_password_bg","password-background":"#fff","bg":"no_bg","background-position":"left top","background-repeat":"no-repeat","header-wrapper-background":"#ffffff","content-wrapper-background":"#ffffff","logo-color":"#000000","header":"#000000","hello-color":"#ffffff","header-icons":"#ffffff","header-icons-hover":"#ffffff","header-color":"#000000","text_color":"#000000","link_color":"#000000","button_color":"#2c2929","button_hover":"#222222","button_text":"#ffffff","sale-color":"#cc0000","dotted_color":"#f0f0f0","navigation":"#000000","nav-border-color":"#ffffff","nav_color":"#ffffff","nav_hover_color":"#000000","nav_hover_link_color":"#ffffff","dropdown-background":"#ffffff","dropdown-hover-background":"#ffffff","dropdown-link-color":"#000000","dropdown-link-hover-color":"#050000","icons":"#000000","icons-hover":"#000000","footer_border":"#ffffff","footer_background":"#000000","footer_text":"#ffffff","footer_icons_color":"#ffffff","footer_icons_hover_color":"#ffffff","footer_input":"#292929","footer_input_text":"#ffffff","footer_button":"#333333","footer_button_text":"#ffffff","font":"'Open Sans', sans-serif","font-size":"12","headings_font":"'Lato', sans-serif","h1-size":"28","h2-size":"24","h3-size":"20","h4-size":"16","h5-size":"14","heading-weight":"bold","link-decoration":"none","navigation-font":"'Lato', sans-serif","nav_size":"14","nav-weight":"400","navigation-transform":"uppercase","product-title-size":"13px","price-size":"13px","main_nav":"main-menu","nav-style":"full","nav-height":"50px","megadropdown_link":"","nav_promo_image":false,"nav_promo_link":"\/collections\/all","mega_1_show":false,"mega_1_links":"","mega_2_show":false,"mega_2_links":"","mega_3_show":false,"mega_3_links":"","mega_4_show":false,"mega_4_links":"","nav-top-border-height":"1px","nav-bottom-border-height":"1px","breadcrumb":true,"quickview":true,"image-flip":true,"alternate_colors":false,"vendor":true,"product-border-size":"0","product-border":false,"show_twitter":true,"twittername":"","show_facebook":true,"facebook_url":"","show_pinterest":true,"pinterest_url":"","show_tumblr":false,"tumblr_url":"","show_youtube":false,"youtube_url":"","show_googleplus":false,"googleplus_url":"","show_instagram":false,"instagram-id":"","show_snapchat":false,"snapchat-id":"Enter ID only","show_weibo":false,"weibo-id":"Enter ID only","show_rss":false,"popup":false,"email_popup_image":false,"mailchimp":"","footer_signup_text":"","show_multiple_currencies":false,"currency_format":"money_with_currency_format","supported_currencies":"CAD USD","default_currency":"CAD","checkout_header_image":"","checkout_logo_image":"","checkout_logo_position":"left","checkout_logo_size":"medium","checkout_body_background_image":"","checkout_body_background_color":"#fff","checkout_input_background_color_mode":"white","checkout_sidebar_background_image":"","checkout_sidebar_background_color":"#fafafa","checkout_heading_font":"Helvetica Neue","checkout_body_font":"Helvetica Neue","checkout_accent_color":"#1990C6","checkout_button_color":"#1990C6","checkout_error_color":"#ff6d6d","Links and accents":"#444444","sections":{"header":{"type":"header","settings":{"logo":"","logo_max_width":600,"logo-size":22,"logo-transform":"uppercase","logo-weight":"400","hello":"","hello-size":13,"cart_icon":"cart"}},"footer":{"type":"footer","blocks":{"1480352627697":{"type":"menu","settings":{"footer_nav":"footer","title":"Explore"}},"1480352634086":{"type":"newsletter","settings":{"title":"connect"}}},"block_order":["1480352627697","1480352634086"],"settings":{"bottom_logo":"","bottom_logo_max_width":600,"footer_text_align":"left","footer_title_weight":"500","footer_title_transform":"uppercase","footer_title_size":15}},"1480352639511":{"type":"slideshow","blocks":{"1480352639511-0":{"type":"image","settings":{"image":"","title":"Add a title to your image","subheading":"Tell your brand's story through images","button_text":"Add a call to action","link":"","caption_horizontal":"left","caption_vertical":45,"slide_text_color":"#000000","cta_color":"#ffffff","cta_background":"#000000"}},"1480352639511-1":{"type":"image","settings":{"image":"","title":"Add a title to your image","subheading":"Tell your brand's story through images","button_text":"Add a call to action","link":"","caption_horizontal":"left","caption_vertical":45,"slide_text_color":"#000000","cta_color":"#ffffff","cta_background":"#000000"}}},"block_order":["1480352639511-0","1480352639511-1"],"settings":{"display-wide":true,"slide-title-size":22,"slide-title-weight":"700","caption-size":14,"cta_size":14,"cta_weight":"400"}},"1480352660966":{"type":"featured-images","blocks":{"1480352660966-0":{"type":"image","settings":{"image_width":"100%","image":"","link":"","title_text":"Our collections","hidden_text":"Shop now","promo_color":"#ffffff","hidden_color":"#ffffff"}}},"block_order":["1480352660966-0"],"settings":{"promo_size":12,"hidden_size":12}},"1480352675242":{"type":"featured-products","settings":{"title":"Featured Products","collection":"","limit":6}},"1480352686120":{"type":"featured-images","blocks":{"1480352686120-0":{"type":"image","settings":{"image_width":"50%","image":"","link":"","title_text":"Our collections","hidden_text":"Shop now","promo_color":"#ffffff","hidden_color":"#ffffff"}},"1480352686120-1":{"type":"image","settings":{"image_width":"50%","image":"","link":"","title_text":"Our collections","hidden_text":"Shop now","promo_color":"#ffffff","hidden_color":"#ffffff"}}},"block_order":["1480352686120-0","1480352686120-1"],"settings":{"promo_size":12,"hidden_size":12}},"1480352707530":{"type":"featured-collections","blocks":{"1480352707530-0":{"type":"featured_collection","settings":{"collection":""}},"1480352707530-1":{"type":"featured_collection","settings":{"collection":""}},"1480352718147":{"type":"featured_collection","settings":{"collection":""}},"1480352719980":{"type":"featured_collection","settings":{"collection":""}}},"block_order":["1480352707530-0","1480352707530-1","1480352718147","1480352719980"],"settings":{"title":"Featured Collections","grid":4,"collection_count":false}},"list-collection-template":{"type":"list-collection-template","settings":{"grid":3,"collection_count":false}},"collection-template":{"type":"collection-template","settings":{"products-per-row":3,"sort-dropdown-a-check":false,"sort_a":"","sort-dropdown-b-check":false,"sort_b":"","sort-dropdown-c-check":false,"sort_c":""}},"product-template":{"type":"product-template","settings":{"product-form-background":"#fff","product-page-border":"#f0f0f0","subtitle":true,"product_quantity":true,"show-sku":false,"product-description":"right","use-swatch-images":false,"popup-one":"","popup-two":"","popup-three":"","popup-4":true}},"blog-template":{"type":"blog-template","settings":{"tiled-blog-layout":true,"show-date":true,"show-author":true}},"article-template":{"type":"article-template","settings":{"show-date":true,"show-author":true}},"1480355931824":{"type":"instagram-feed","settings":{"title":"Follow us on Instagram","instagram-access-token":""}},"1480356235240":{"type":"featured-products","settings":{"title":"Featured Products","collection":"","limit":6}},"1480356264603":{"type":"featured-products","settings":{"title":"Featured Products","collection":"","limit":6}},"1480356280375":{"type":"featured-images","blocks":{"1480356280375-0":{"type":"image","settings":{"image_width":"50%","image":"","link":"","title_text":"Our collections","hidden_text":"Shop now","promo_color":"#ffffff","hidden_color":"#ffffff"}},"1480356280375-1":{"type":"image","settings":{"image_width":"50%","image":"","link":"","title_text":"Our collections","hidden_text":"Shop now","promo_color":"#ffffff","hidden_color":"#ffffff"}}},"block_order":["1480356280375-0","1480356280375-1"],"settings":{"promo_size":12,"hidden_size":12}},"1480356301009":{"type":"featured-blog","settings":{"title":"From the blog","blog":"","post_limit":3}}},"content_for_index":["1480352639511","1480352707530","1480352675242","1480352660966","1480356235240","1480352686120","1480356264603","1480356280375","1480356301009","1480355931824"]}},"current":{"favicon":"","search_products":false,"bg":"no_bg","background-position":"left top","background-repeat":"no-repeat","header-wrapper-background":"#ffffff","content-wrapper-background":"#ffffff","logo-color":"#000000","header":"#fafafa","hello-color":"#000000","header-icons":"#000000","header-icons-hover":"#999999","header-color":"#000000","text_color":"#000000","link_color":"#000000","button_color":"#000000","button_hover":"#222222","button_text":"#ffffff","sale-color":"#cc0000","dotted_color":"#f0f0f0","navigation":"#ffffff","nav-border-color":"#ffffff","nav_color":"#000000","nav_hover_color":"#ffffff","nav_hover_link_color":"#850000","dropdown-background":"#ffffff","dropdown-hover-background":"#ffffff","dropdown-link-color":"#000000","dropdown-link-hover-color":"#850000","icons":"#000000","icons-hover":"#000000","footer_border":"#ffffff","footer_background":"#dbdbdb","footer_text":"#000000","footer_icons_color":"#000000","footer_icons_hover_color":"#000000","footer_input":"#f8f8f8","footer_input_text":"#000000","footer_button":"#000000","footer_button_text":"#ffffff","font":"'Roboto', sans-serif;","navigation-font":"'Roboto', sans-serif;","headings_font":"'Roboto', sans-serif;","font-size":12,"nav_size":13,"h1-size":22,"h2-size":20,"h3-size":18,"h4-size":16,"h5-size":14,"nav-weight":"700","navigation-transform":"uppercase","heading-weight":"bold","link-decoration":"none","breadcrumb":true,"quickview":true,"image-flip":true,"alternate_colors":false,"vendor":true,"product-border":false,"cart_notes_enable":false,"ajax_cart_method":"page","twittername":"","facebook_url":"","pinterest_url":"","tumblr_url":"","youtube_url":"","googleplus_url":"","instagram-id":"","snapchat-id":"Enter ID only","weibo-id":"Enter ID only","popup":false,"test-mode":false,"email-image":"","email-popup-title":"","footer_signup_text":"","show_multiple_currencies":false,"currency_format":"money_with_currency_format","supported_currencies":"CAD USD","default_currency":"CAD","checkout_header_image":"","checkout_logo_image":"","checkout_logo_position":"left","checkout_logo_size":"medium","checkout_body_background_image":"","checkout_body_background_color":"#fff","checkout_input_background_color_mode":"white","checkout_sidebar_background_image":"","checkout_sidebar_background_color":"#fafafa","checkout_heading_font":"Helvetica Neue","checkout_body_font":"Helvetica Neue","checkout_accent_color":"#1990c6","checkout_button_color":"#1990c6","checkout_error_color":"#ff6d6d","product-title-size":"13px","price-size":"13px","product-border-size":"0","email_popup_image":false,"show_twitter":true,"show_facebook":true,"show_pinterest":true,"show_tumblr":false,"show_youtube":false,"show_googleplus":false,"show_instagram":false,"show_snapchat":false,"show_weibo":false,"show_rss":false,"mailchimp":"","password_bg":"no_password_bg","password-background":"#fff","main_nav":"main-menu","nav-style":"full","nav-height":"50px","megadropdown_link":"","nav_promo_image":false,"nav_promo_link":"\/collections\/all","mega_1_show":false,"mega_1_links":"","mega_2_show":false,"mega_2_links":"","mega_3_show":false,"mega_3_links":"","mega_4_show":false,"mega_4_links":"","nav-top-border-height":"1px","nav-bottom-border-height":"1px","Links and accents":"#444444","sections":{"header":{"type":"header","settings":{"full-width-header":true,"logo":"","logo_max_width":600,"logo-size":22,"logo-transform":"uppercase","logo-weight":"400","hello":"","hello-size":13,"cart_icon":"cart","main_nav":"main-menu","nav-style":"full","nav-height":50,"nav-top-border-height":1,"nav-bottom-border-height":1}},"footer":{"type":"footer","blocks":{"1530356479560":{"type":"menu","settings":{"footer_nav":"","title":"About"}},"1480352627697":{"type":"menu","settings":{"footer_nav":"footer","title":"Explore"}},"1480352634086":{"type":"newsletter","settings":{"title":"connect"}}},"block_order":["1530356479560","1480352627697","1480352634086"],"settings":{"bottom_logo":"","bottom_logo_max_width":600,"footer_text_align":"left","footer_title_weight":"500","footer_title_transform":"uppercase","footer_title_size":15}},"1480352639511":{"type":"slideshow","blocks":{"1480352639511-0":{"type":"image","settings":{"image":"","title":"Add a title to your image","subheading":"Tell your brand's story through images","button_text":"Add a call to action","link":"","caption_horizontal":"left","caption_vertical":45,"slide_text_color":"#000000","cta_color":"#ffffff","cta_background":"#000000","caption_background":"transparent","caption_opacity":"0.1"}}},"block_order":["1480352639511-0"],"settings":{"display-wide":true,"slider_speed":5,"slide-title-size":22,"slide-title-weight":"700","caption-size":14,"cta_size":14,"cta_weight":"400"}},"1480352660966":{"type":"featured-images","blocks":{"1480352660966-0":{"type":"image","settings":{"image_width":"100%","image":"","link":"","title_text":"Our collections","hidden_text":"Shop now","promo_color":"#ffffff","hidden_color":"#ffffff"}}},"block_order":["1480352660966-0"],"settings":{"full_width":false,"promo_size":12,"hidden_size":12}},"1480352675242":{"type":"featured-products","settings":{"title":"Featured Products","collection":"","limit":5}},"1480352686120":{"type":"featured-images","disabled":true,"blocks":{"1480352686120-0":{"type":"image","settings":{"image_width":"50%","image":"","link":"","title_text":"Our collections","hidden_text":"Shop now","promo_color":"#ffffff","hidden_color":"#ffffff"}},"1480352686120-1":{"type":"image","settings":{"image_width":"50%","image":"","link":"","title_text":"Our collections","hidden_text":"Shop now","promo_color":"#ffffff","hidden_color":"#ffffff"}}},"block_order":["1480352686120-0","1480352686120-1"],"settings":{"full_width":false,"promo_size":12,"hidden_size":12}},"1480352707530":{"type":"featured-collections","disabled":true,"blocks":{"1480352707530-0":{"type":"featured_collection","settings":{"collection":""}},"1480352707530-1":{"type":"featured_collection","settings":{"collection":""}},"1480352718147":{"type":"featured_collection","settings":{"collection":""}}},"block_order":["1480352707530-0","1480352707530-1","1480352718147"],"settings":{"title":"Featured Collections","grid":3,"title-position":"below","collection_count":false}},"list-collection-template":{"type":"list-collection-template","settings":{"image":"","text":"<p>Add some descriptive text to your all collections page.<\/p>","grid":3,"collection_count":false}},"collection-template":{"type":"collection-template","settings":{"products_per_page":30,"products-per-row":3,"sort-by":true,"sort-dropdown-a-check":false,"filter-1-title":"","sort_a":"","sort-dropdown-b-check":false,"filter-2-title":"","sort_b":"","sort-dropdown-c-check":false,"filter-3-title":"","sort_c":""}},"product-template":{"type":"product-template","settings":{"product-form-background":"#fff","product-page-border":"#f0f0f0","thumbnail-position":"right","product-variants":"swatches","form-left":false,"subtitle":true,"product_quantity":true,"show-sku":false,"product-description":"right","use-swatch-images":false,"swatch-shape":"circles","popup-one":"","popup-two":"","popup-three":"","popup-4":true}},"blog-template":{"type":"blog-template","settings":{"image":"","text":"<p>Add some descriptive text to your Blog page.<\/p>","tiled-blog-layout":true,"show-date":true,"show-author":true}},"article-template":{"type":"article-template","settings":{"show-date":true,"show-author":true}},"1480355931824":{"type":"instagram-feed","settings":{"title":"Follow us on Instagram","instagram-access-token":""}},"1480356235240":{"type":"featured-products","disabled":true,"settings":{"title":"Featured Products","collection":"","limit":6}},"1480356264603":{"type":"featured-products","disabled":true,"settings":{"title":"Featured Products","collection":"","limit":6}},"1480356280375":{"type":"featured-images","blocks":{"1480356280375-0":{"type":"image","settings":{"image_width":"100%","image":"","link":"","title_text":"Our collections","hidden_text":"Shop now","promo_color":"#ffffff","hidden_color":"#ffffff"}}},"block_order":["1480356280375-0"],"settings":{"full_width":true,"promo_size":12,"hidden_size":12}},"1480356301009":{"type":"featured-blog","disabled":true,"settings":{"title":"From the blog","blog":"","post_limit":3}},"mobile-navigation":{"type":"mobile-navigation","settings":{"main_nav":"main-menu","background_color":"","link_color":"","border_color":""}},"1530356259851":{"type":"featured-content","settings":{"title":"REVELATION SWIMWEAR","rich-text":"<p>Since 2008 we have been delivering true statement pieces aimed at connoisseur's and babes the world over<br>Packed with out no quibble money back guarantee we are sure that you will find revelation the new source for all of your swimwear needs.&nbsp;<\/p>","page":""}},"1530357013196":{"type":"featured-images","blocks":{"1530357013196-0":{"type":"image","settings":{"image_width":"33%","image":"shopify:\/\/shop_images\/promo1_3024x_a0d6f752-7b62-43e7-9868-5a9de5068c28.jpg","link":"","title_text":"Our collections","hidden_text":"Shop now","promo_color":"#ffffff","hidden_color":"#ffffff"}},"1530357013196-1":{"type":"image","settings":{"image_width":"33%","image":"shopify:\/\/shop_images\/promo2_3024x_13f37ca3-a748-4c49-ba81-6414053c2859.jpg","link":"","title_text":"Our collections","hidden_text":"Shop now","promo_color":"#ffffff","hidden_color":"#ffffff"}},"1530357013196-2":{"type":"image","settings":{"image_width":"33%","image":"shopify:\/\/shop_images\/promo3_3024x_031004e9-c5fa-4ef5-b69e-0f063971b61e.jpg","link":"","title_text":"Our collections","hidden_text":"Shop now","promo_color":"#ffffff","hidden_color":"#ffffff"}}},"block_order":["1530357013196-0","1530357013196-1","1530357013196-2"],"settings":{"full_width":true,"promo_size":22,"hidden_size":14}},"1546295449705":{"type":"featured-images","blocks":{"1546295449705-0":{"type":"image","settings":{"image_width":"50%","image":"","link":"","title_text":"Our collections","hidden_text":"Shop now","promo_color":"#ffffff","hidden_color":"#ffffff"}},"1546295449705-1":{"type":"image","settings":{"image_width":"50%","image":"","link":"","title_text":"Our collections","hidden_text":"Shop now","promo_color":"#ffffff","hidden_color":"#ffffff"}}},"block_order":["1546295449705-0","1546295449705-1"],"settings":{"full_width":false,"promo_size":22,"hidden_size":14}}},"content_for_index":["1480352639511","1530357013196","1480352707530","1530356259851","1480352675242","1480352660966","1480356235240","1480352686120","1480356264603","1480356280375","1480356301009","1480355931824","1546295449705"]}}